{"cameraMode":{"drawMode":0,"name":"Shaded","section":"Shading Mode"},"sceneLighting":false,"audioPlay":false,"sceneViewState":{"m_AlwaysRefresh":false,"showFog":true,"showSkybox":false,"showFlares":true,"showImageEffects":true,"showParticleSystems":true,"showVisualEffectGraphs":true,"m_FxEnabled":true},"in2DMode":false,"pivot":{"x":7.592880725860596,"y":0.9982447624206543,"z":0.5899999141693115},"rotation":{"x":-0.16985875368118287,"y":0.7160316705703735,"z":-0.18688808381557465,"w":-0.6507861614227295},"size":13.464496612548829,"orthographic":false}