{"cameraMode":{"drawMode":0,"name":"Shaded","section":"Shading Mode"},"sceneLighting":false,"audioPlay":false,"sceneViewState":{"m_AlwaysRefresh":false,"showFog":true,"showSkybox":false,"showFlares":true,"showImageEffects":true,"showParticleSystems":true,"showVisualEffectGraphs":true,"m_FxEnabled":true},"in2DMode":false,"pivot":{"x":3.501960277557373,"y":2.3988332748413088,"z":11.034407615661621},"rotation":{"x":0.19630536437034608,"y":-0.08366730064153671,"z":0.016769636422395707,"w":0.9768653512001038},"size":1.0198041200637818,"orthographic":false}