{"cameraMode":{"drawMode":0,"name":"Shaded","section":"Shading Mode"},"sceneLighting":true,"audioPlay":false,"sceneViewState":{"m_AlwaysRefresh":false,"showFog":true,"showSkybox":true,"showFlares":true,"showImageEffects":true,"showParticleSystems":true,"showVisualEffectGraphs":true,"m_FxEnabled":true},"in2DMode":false,"pivot":{"x":3.608548641204834,"y":-19.784439086914064,"z":11.739154815673829},"rotation":{"x":-0.4936765432357788,"y":-0.0020909225568175318,"z":0.0011836853809654713,"w":-0.869651734828949},"size":20.656631469726564,"orthographic":false}