{"cameraMode":{"drawMode":0,"name":"Shaded","section":"Shading Mode"},"sceneLighting":true,"audioPlay":false,"sceneViewState":{"m_AlwaysRefresh":false,"showFog":true,"showSkybox":true,"showFlares":true,"showImageEffects":true,"showParticleSystems":true,"showVisualEffectGraphs":true,"m_FxEnabled":true},"in2DMode":false,"pivot":{"x":3.501960277557373,"y":2.3988332748413088,"z":11.034407615661621},"rotation":{"x":0.1788414865732193,"y":-0.07365905493497849,"z":0.013379290699958802,"w":0.9810671210289002},"size":2.7794954776763918,"orthographic":false}