{"cameraMode":{"drawMode":0,"name":"Shaded","section":"Shading Mode"},"sceneLighting":true,"audioPlay":false,"sceneViewState":{"m_AlwaysRefresh":false,"showFog":true,"showSkybox":true,"showFlares":true,"showImageEffects":true,"showParticleSystems":true,"showVisualEffectGraphs":true,"m_FxEnabled":true},"in2DMode":false,"pivot":{"x":12.316184997558594,"y":2.578702926635742,"z":1.4437285661697388},"rotation":{"x":0.03862134739756584,"y":-0.7892006635665894,"z":0.05011586844921112,"w":0.6109744310379028},"size":3.7050602436065676,"orthographic":false}