{"cameraMode":{"drawMode":0,"name":"Shaded","section":"Shading Mode"},"sceneLighting":true,"audioPlay":false,"sceneViewState":{"m_AlwaysRefresh":false,"showFog":true,"showSkybox":true,"showFlares":true,"showImageEffects":true,"showParticleSystems":true,"showVisualEffectGraphs":true,"m_FxEnabled":true},"in2DMode":false,"pivot":{"x":14.463750839233399,"y":2.838012218475342,"z":11.720099449157715},"rotation":{"x":0.04307081922888756,"y":0.9457722306251526,"z":0.1396867334842682,"w":-0.2903282642364502},"size":0.029484987258911134,"orthographic":false}