{"cameraMode":{"drawMode":0,"name":"Shaded","section":"Shading Mode"},"sceneLighting":true,"audioPlay":false,"sceneViewState":{"m_AlwaysRefresh":false,"showFog":true,"showSkybox":true,"showFlares":true,"showImageEffects":true,"showParticleSystems":true,"showVisualEffectGraphs":true,"m_FxEnabled":true},"in2DMode":false,"pivot":{"x":11.452156066894532,"y":1.7847243547439576,"z":6.002829074859619},"rotation":{"x":-0.11806564778089524,"y":0.6290324926376343,"z":-0.09689538925886154,"w":-0.7624763250350952},"size":0.0911862850189209,"orthographic":false}