{"cameraMode":{"drawMode":0,"name":"Shaded","section":"Shading Mode"},"sceneLighting":true,"audioPlay":false,"sceneViewState":{"m_AlwaysRefresh":false,"showFog":true,"showSkybox":true,"showFlares":true,"showImageEffects":true,"showParticleSystems":true,"showVisualEffectGraphs":true,"m_FxEnabled":true},"in2DMode":false,"pivot":{"x":-2.01371693611145,"y":4.661870002746582,"z":-7.802196979522705},"rotation":{"x":-0.23070180416107179,"y":0.013984959572553635,"z":-0.0035668269265443088,"w":-0.9729963541030884},"size":1.279892921447754,"orthographic":false}