{"cameraMode":{"drawMode":0,"name":"Shaded","section":"Shading Mode"},"sceneLighting":true,"audioPlay":false,"sceneViewState":{"m_AlwaysRefresh":false,"showFog":true,"showSkybox":true,"showFlares":true,"showImageEffects":true,"showParticleSystems":true,"showVisualEffectGraphs":true,"m_FxEnabled":true},"in2DMode":false,"pivot":{"x":4.474798679351807,"y":1.9962732791900635,"z":-1.104963779449463},"rotation":{"x":-0.010449998080730439,"y":-0.9780609011650086,"z":0.20264451205730439,"w":-0.04962996393442154},"size":4.025389194488525,"orthographic":false}