{"cameraMode":{"drawMode":0,"name":"Shaded","section":"Shading Mode"},"sceneLighting":true,"audioPlay":false,"sceneViewState":{"m_AlwaysRefresh":false,"showFog":true,"showSkybox":true,"showFlares":true,"showImageEffects":true,"showParticleSystems":true,"showVisualEffectGraphs":true,"m_FxEnabled":true},"in2DMode":false,"pivot":{"x":11.443846702575684,"y":1.8172962665557862,"z":5.943136692047119},"rotation":{"x":-0.04065883532166481,"y":0.7560576796531677,"z":-0.04651457071304321,"w":-0.6518741846084595},"size":0.0911862850189209,"orthographic":false}