{"cameraMode":{"drawMode":0,"name":"Shaded","section":"Shading Mode"},"sceneLighting":true,"audioPlay":false,"sceneViewState":{"m_AlwaysRefresh":false,"showFog":true,"showSkybox":true,"showFlares":true,"showImageEffects":true,"showParticleSystems":true,"showVisualEffectGraphs":true,"m_FxEnabled":true},"in2DMode":false,"pivot":{"x":10.790178298950196,"y":1.8512382507324219,"z":9.987414360046387},"rotation":{"x":0.026686273515224458,"y":0.7607196569442749,"z":0.03203263878822327,"w":-0.648033857345581},"size":0.0911862850189209,"orthographic":false}