{"cameraMode":{"drawMode":0,"name":"Shaded","section":"Shading Mode"},"sceneLighting":true,"audioPlay":false,"sceneViewState":{"m_AlwaysRefresh":false,"showFog":true,"showSkybox":true,"showFlares":true,"showImageEffects":true,"showParticleSystems":true,"showVisualEffectGraphs":true,"m_FxEnabled":true},"in2DMode":false,"pivot":{"x":-2.107959747314453,"y":27.628681182861329,"z":4.4053497314453129},"rotation":{"x":0.06803804636001587,"y":-0.9317095279693604,"z":-0.24412760138511659,"w":-0.2606557607650757},"size":14.799675941467286,"orthographic":false}