{"cameraMode":{"drawMode":0,"name":"Shaded","section":"Shading Mode"},"sceneLighting":true,"audioPlay":false,"sceneViewState":{"m_AlwaysRefresh":false,"showFog":true,"showSkybox":true,"showFlares":true,"showImageEffects":true,"showParticleSystems":true,"showVisualEffectGraphs":true,"m_FxEnabled":true},"in2DMode":false,"pivot":{"x":2.1050517559051515,"y":-0.9275193214416504,"z":3.9302515983581545},"rotation":{"x":-0.3649256229400635,"y":0.038966838270425799,"z":-0.014944566413760186,"w":-0.9303075671195984},"size":6.20881462097168,"orthographic":false}