{"cameraMode":{"drawMode":0,"name":"Shaded","section":"Shading Mode"},"sceneLighting":true,"audioPlay":false,"sceneViewState":{"m_AlwaysRefresh":false,"showFog":true,"showSkybox":true,"showFlares":true,"showImageEffects":true,"showParticleSystems":true,"showVisualEffectGraphs":true,"m_FxEnabled":true},"in2DMode":false,"pivot":{"x":-15.917193412780762,"y":23.754487991333009,"z":13.663442611694336},"rotation":{"x":0.00724535807967186,"y":0.9789447784423828,"z":0.20218601822853089,"w":-0.031579017639160159},"size":7.84242057800293,"orthographic":false}