{"cameraMode":{"drawMode":0,"name":"Shaded","section":"Shading Mode"},"sceneLighting":true,"audioPlay":false,"sceneViewState":{"m_AlwaysRefresh":false,"showFog":true,"showSkybox":true,"showFlares":true,"showImageEffects":true,"showParticleSystems":true,"showVisualEffectGraphs":true,"m_FxEnabled":true},"in2DMode":false,"pivot":{"x":-8.801865577697754,"y":25.198951721191408,"z":13.828619003295899},"rotation":{"x":-0.036853574216365817,"y":0.7969198226928711,"z":0.6011011004447937,"w":0.04996972531080246},"size":8.82851505279541,"orthographic":false}