{"cameraMode":{"drawMode":0,"name":"Shaded","section":"Shading Mode"},"sceneLighting":true,"audioPlay":false,"sceneViewState":{"m_AlwaysRefresh":false,"showFog":true,"showSkybox":true,"showFlares":true,"showImageEffects":true,"showParticleSystems":true,"showVisualEffectGraphs":true,"m_FxEnabled":true},"in2DMode":false,"pivot":{"x":-0.06386709213256836,"y":-1.4551470279693604,"z":-0.22487974166870118},"rotation":{"x":-0.08803380280733109,"y":-0.8696671724319458,"z":0.16798529028892518,"w":-0.455757200717926},"size":5.092605113983154,"orthographic":false}