{"cameraMode":{"drawMode":0,"name":"Shaded","section":"Shading Mode"},"sceneLighting":false,"audioPlay":false,"sceneViewState":{"m_AlwaysRefresh":false,"showFog":true,"showSkybox":false,"showFlares":true,"showImageEffects":true,"showParticleSystems":true,"showVisualEffectGraphs":true,"m_FxEnabled":true},"in2DMode":false,"pivot":{"x":-1.5054397583007813,"y":1.5910072326660157,"z":0.5948514938354492},"rotation":{"x":-0.2900119721889496,"y":-0.020960288122296335,"z":0.006350832991302013,"w":-0.9567817449569702},"size":10.559355735778809,"orthographic":false}